{"MessageSent":"No Intruder", "Timestamp" :"2021_11_03-04:38:01_PM"}
{"MessageSent":"No Intruder", "Timestamp" :"2021_11_03-04:38:01_PM"}
{"MessageSent":"No Intruder", "Timestamp" :"2021_11_03-04:38:01_PM"}
{"MessageSent":"No Intruder", "Timestamp" :"2021_11_03-04:38:01_PM"}
{"MessageSent":"No Intruder", "Timestamp" :"2021_11_03-04:38:01_PM"}
{"MessageSent":"No Intruder", "Timestamp" :"2021_11_03-04:38:01_PM"}
{"MessageSent":"No Intruder", "Timestamp" :"2021_11_03-04:38:01_PM"}
{"MessageSent":"No Intruder", "Timestamp" :"2021_11_03-04:38:01_PM"}
{"MessageSent":"No Intruder", "Timestamp" :"2021_11_03-04:38:01_PM"}
{"MessageSent":"No Intruder", "Timestamp" :"2021_11_03-04:38:01_PM"}
{"MessageSent":"No Intruder", "Timestamp" :"2021_11_03-04:38:01_PM"}
{"MessageSent":"No Intruder", "Timestamp" :"2021_11_03-04:38:01_PM"}
{"MessageSent":"No Intruder", "Timestamp" :"2021_11_03-04:38:01_PM"}
{"MessageSent":"Intruder Detected", "Timestamp" :"2021_11_03-04:38:01_PM"}
{"MessageSent":"Intruder Detected", "Timestamp" :"2021_11_03-04:38:01_PM"}
{"MessageSent":"Intruder Detected", "Timestamp" :"2021_11_03-04:38:01_PM"}
{"MessageSent":"No Intruder", "Timestamp" :"2021_11_03-04:38:01_PM"}
{"MessageSent":"No Intruder", "Timestamp" :"2021_11_03-04:38:01_PM"}
{"MessageSent":"No Intruder", "Timestamp" :"2021_11_03-04:38:01_PM"}
{"MessageSent":"Intruder Detected", "Timestamp" :"2021_11_03-04:38:01_PM"}
{"MessageSent":"No Intruder", "Timestamp" :"2021_11_03-04:38:01_PM"}
{"MessageSent":"No Intruder", "Timestamp" :"2021_11_03-04:38:01_PM"}
{"MessageSent":"Intruder Detected", "Timestamp" :"2021_11_03-04:38:01_PM"}
{"MessageSent":"No Intruder", "Timestamp" :"2021_11_03-04:38:01_PM"}
{"MessageSent":"Intruder Detected", "Timestamp" :"2021_11_03-04:38:01_PM"}
{"MessageSent":"No Intruder", "Timestamp" :"2021_11_03-04:38:01_PM"}
{"MessageSent":"No Intruder", "Timestamp" :"2021_11_03-04:38:01_PM"}
{"MessageSent":"No Intruder", "Timestamp" :"2021_11_03-04:38:01_PM"}
{"MessageSent":"No Intruder", "Timestamp" :"2021_11_03-04:38:01_PM"}
{"MessageSent":"No Intruder", "Timestamp" :"2021_11_03-04:38:01_PM"}
{"MessageSent":"No Intruder", "Timestamp" :"2021_11_03-04:38:01_PM"}
{"MessageSent":"Intruder Detected", "Timestamp" :"2021_11_03-04:38:01_PM"}
{"MessageSent":"No Intruder", "Timestamp" :"2021_11_03-04:38:01_PM"}
{"MessageSent":"Intruder Detected", "Timestamp" :"2021_11_03-04:38:01_PM"}
{"MessageSent":"No Intruder", "Timestamp" :"2021_11_03-04:38:01_PM"}
{"MessageSent":"Intruder Detected", "Timestamp" :"2021_11_03-04:38:01_PM"}
{"MessageSent":"No Intruder", "Timestamp" :"2021_11_03-04:38:01_PM"}
{"MessageSent":"No Intruder", "Timestamp" :"2021_11_03-04:38:01_PM"}
{"MessageSent":"No Intruder", "Timestamp" :"2021_11_03-04:38:01_PM"}
{"MessageSent":"No Intruder", "Timestamp" :"2021_11_03-04:38:01_PM"}
{"MessageSent":"No Intruder", "Timestamp" :"2021_11_03-04:38:01_PM"}
{"MessageSent":"No Intruder", "Timestamp" :"2021_11_03-04:38:01_PM"}
{"MessageSent":"No Intruder", "Timestamp" :"2021_11_03-04:38:01_PM"}
{"MessageSent":"No Intruder", "Timestamp" :"2021_11_03-04:38:01_PM"}
{"MessageSent":"No Intruder", "Timestamp" :"2021_11_03-04:38:01_PM"}
{"MessageSent":"No Intruder", "Timestamp" :"2021_11_03-04:38:01_PM"}
{"MessageSent":"No Intruder", "Timestamp" :"2021_11_03-04:38:01_PM"}
{"MessageSent":"Intruder Detected", "Timestamp" :"2021_11_03-04:38:01_PM"}
{"MessageSent":"No Intruder", "Timestamp" :"2021_11_03-04:38:01_PM"}
{"MessageSent":"Intruder Detected", "Timestamp" :"2021_11_03-04:38:01_PM"}
{"MessageSent":"No Intruder", "Timestamp" :"2021_11_03-04:38:01_PM"}
{"MessageSent":"No Intruder", "Timestamp" :"2021_11_03-04:38:01_PM"}
{"MessageSent":"No Intruder", "Timestamp" :"2021_11_03-04:38:01_PM"}
{"MessageSent":"Intruder Detected", "Timestamp" :"2021_11_03-04:38:01_PM"}
{"MessageSent":"Intruder Detected", "Timestamp" :"2021_11_03-04:38:01_PM"}
{"MessageSent":"Intruder Detected", "Timestamp" :"2021_11_03-04:38:01_PM"}
{"MessageSent":"Intruder Detected", "Timestamp" :"2021_11_03-04:38:01_PM"}
{"MessageSent":"Intruder Detected", "Timestamp" :"2021_11_03-04:38:01_PM"}
{"MessageSent":"No Intruder", "Timestamp" :"2021_11_03-04:38:01_PM"}
{"MessageSent":"Intruder Detected", "Timestamp" :"2021_11_03-04:38:01_PM"}
{"MessageSent":"Intruder Detected", "Timestamp" :"2021_11_03-04:38:01_PM"}
{"MessageSent":"Intruder Detected", "Timestamp" :"2021_11_03-04:38:01_PM"}
{"MessageSent":"Intruder Detected", "Timestamp" :"2021_11_03-04:38:01_PM"}
{"MessageSent":"Intruder Detected", "Timestamp" :"2021_11_03-04:38:01_PM"}
{"MessageSent":"No Intruder", "Timestamp" :"2021_11_03-04:38:01_PM"}
{"MessageSent":"No Intruder", "Timestamp" :"2021_11_03-04:38:01_PM"}
{"MessageSent":"Intruder Detected", "Timestamp" :"2021_11_03-04:38:01_PM"}
{"MessageSent":"Intruder Detected", "Timestamp" :"2021_11_03-04:38:01_PM"}
{"MessageSent":"Intruder Detected", "Timestamp" :"2021_11_03-04:38:01_PM"}
{"MessageSent":"Intruder Detected", "Timestamp" :"2021_11_03-04:38:01_PM"}
{"MessageSent":"No Intruder", "Timestamp" :"2021_11_03-04:38:01_PM"}
{"MessageSent":"No Intruder", "Timestamp" :"2021_11_03-04:38:01_PM"}
{"MessageSent":"No Intruder", "Timestamp" :"2021_11_03-04:38:01_PM"}
{"MessageSent":"No Intruder", "Timestamp" :"2021_11_03-04:38:01_PM"}
{"MessageSent":"No Intruder", "Timestamp" :"2021_11_03-04:38:01_PM"}
{"MessageSent":"No Intruder", "Timestamp" :"2021_11_03-04:38:01_PM"}
{"MessageSent":"No Intruder", "Timestamp" :"2021_11_03-04:38:01_PM"}
